,F2,pairs,time,node_distance
0,1.0,1,110000.0,1
1,1.0,1,110000.0,1
2,1.0,1,110000.0,1
3,1.0,1,110000.0,1
4,1.0,1,110000.0,1
5,1.0,1,110000.0,1
6,1.0,1,110000.0,1
7,1.0,1,110000.0,1
8,1.0,1,110000.0,1
9,1.0,1,110000.0,1
10,1.0,2,220000.0,1
11,1.0,1,110000.0,1
12,1.0,1,110000.0,1
13,1.0,2,210000.0,1
14,1.0,1,110000.0,1
15,1.0,1,110000.0,1
16,1.0,1,110000.0,1
17,1.0,1,110000.0,1
18,1.0,1,110000.0,1
19,1.0,1,110000.0,1
20,1.0,1,110000.0,1
21,1.0,1,110000.0,1
22,1.0,1,110000.0,1
23,1.0,1,110000.0,1
24,1.0,1,110000.0,1
25,1.0,2,210000.0,1
26,1.0,1,110000.0,1
27,1.0,1,110000.0,1
28,1.0,1,110000.0,1
29,1.0,1,110000.0,1
30,1.0,1,110000.0,1
31,1.0,1,110000.0,1
32,1.0,1,110000.0,1
33,1.0,1,110000.0,1
34,1.0,1,110000.0,1
35,1.0,1,110000.0,1
36,1.0,1,110000.0,1
37,1.0,1,110000.0,1
38,1.0,1,110000.0,1
39,1.0,1,110000.0,1
40,1.0,1,110000.0,1
41,1.0,1,110000.0,1
42,1.0,1,110000.0,1
43,1.0,1,110000.0,1
44,1.0,1,110000.0,1
45,1.0,1,110000.0,1
46,1.0,1,110000.0,1
47,1.0,1,110000.0,1
48,1.0,1,110000.0,1
49,1.0,1,110000.0,1
50,1.0,1,110000.0,1
51,1.0,1,110000.0,1
52,1.0,2,220000.0,1
53,1.0,1,110000.0,1
54,1.0,1,110000.0,1
55,1.0,1,110000.0,1
56,1.0,2,220000.0,1
57,1.0,1,110000.0,1
58,1.0,1,110000.0,1
59,1.0,1,110000.0,1
60,1.0,1,110000.0,1
61,1.0,1,110000.0,1
62,1.0,1,110000.0,1
63,1.0,1,110000.0,1
64,1.0,1,110000.0,1
65,1.0,2,210000.0,1
66,1.0,1,110000.0,1
67,1.0,1,110000.0,1
68,1.0,1,110000.0,1
69,1.0,1,110000.0,1
70,1.0,1,110000.0,1
71,1.0,1,110000.0,1
72,1.0,1,110000.0,1
73,1.0,2,220000.0,1
74,1.0,1,110000.0,1
75,1.0,2,220000.0,1
76,1.0,1,110000.0,1
77,1.0,1,110000.0,1
78,1.0,1,110000.0,1
79,1.0,1,110000.0,1
80,1.0,1,110000.0,1
81,1.0,2,220000.0,1
82,1.0,1,110000.0,1
83,1.0,1,110000.0,1
84,1.0,1,110000.0,1
85,1.0,1,110000.0,1
86,1.0,1,110000.0,1
87,1.0,1,110000.0,1
88,1.0,1,110000.0,1
89,1.0,1,110000.0,1
90,1.0,1,110000.0,1
91,1.0,3,330000.0,1
92,1.0,1,110000.0,1
93,1.0,1,110000.0,1
94,1.0,1,110000.0,1
95,1.0,3,330000.0,1
96,1.0,1,110000.0,1
97,1.0,1,110000.0,1
98,1.0,2,210000.0,1
99,1.0,1,110000.0,1
0,1.0,1,210000.0,11
1,1.0,1,210000.0,11
2,1.0,1,210000.0,11
3,1.0,1,210000.0,11
4,1.0,1,210000.0,11
5,1.0,1,210000.0,11
6,1.0,1,210000.0,11
7,1.0,1,210000.0,11
8,1.0,1,210000.0,11
9,1.0,1,210000.0,11
10,1.0,1,210000.0,11
11,1.0,1,210000.0,11
12,1.0,1,210000.0,11
13,1.0,1,210000.0,11
14,1.0,1,210000.0,11
15,1.0,1,210000.0,11
16,1.0,1,210000.0,11
17,1.0,1,210000.0,11
18,1.0,1,210000.0,11
19,1.0,1,210000.0,11
20,1.0,1,210000.0,11
21,1.0,2,420000.0,11
22,1.0,1,210000.0,11
23,1.0,1,210000.0,11
24,1.0,1,210000.0,11
25,1.0,1,210000.0,11
26,1.0,1,210000.0,11
27,1.0,1,210000.0,11
28,0.0,1,210000.0,11
29,1.0,1,210000.0,11
30,1.0,2,310000.0,11
31,1.0,1,210000.0,11
32,1.0,1,210000.0,11
33,1.0,1,210000.0,11
34,1.0,1,210000.0,11
35,1.0,1,210000.0,11
36,1.0,2,420000.0,11
37,1.0,1,210000.0,11
38,1.0,1,210000.0,11
39,1.0,1,210000.0,11
40,1.0,1,210000.0,11
41,1.0,2,420000.0,11
42,1.0,1,210000.0,11
43,1.0,1,210000.0,11
44,1.0,1,210000.0,11
45,1.0,1,210000.0,11
46,1.0,1,210000.0,11
47,1.0,1,210000.0,11
48,1.0,1,210000.0,11
49,1.0,1,210000.0,11
50,1.0,1,210000.0,11
51,1.0,1,210000.0,11
52,1.0,1,210000.0,11
53,1.0,1,210000.0,11
54,1.0,1,210000.0,11
55,1.0,1,210000.0,11
56,1.0,1,210000.0,11
57,1.0,1,210000.0,11
58,1.0,1,210000.0,11
59,1.0,1,210000.0,11
60,1.0,1,210000.0,11
61,1.0,1,210000.0,11
62,1.0,1,210000.0,11
63,1.0,1,210000.0,11
64,1.0,1,210000.0,11
65,1.0,1,210000.0,11
66,1.0,1,210000.0,11
67,1.0,1,210000.0,11
68,1.0,1,210000.0,11
69,1.0,1,210000.0,11
70,1.0,1,210000.0,11
71,1.0,2,310000.0,11
72,1.0,1,210000.0,11
73,1.0,1,210000.0,11
74,1.0,1,210000.0,11
75,1.0,1,210000.0,11
76,1.0,1,210000.0,11
77,1.0,1,210000.0,11
78,1.0,1,210000.0,11
79,1.0,2,310000.0,11
80,1.0,1,210000.0,11
81,1.0,1,210000.0,11
82,1.0,1,210000.0,11
83,1.0,2,310000.0,11
84,1.0,1,210000.0,11
85,1.0,1,210000.0,11
86,1.0,1,210000.0,11
87,1.0,1,210000.0,11
88,1.0,1,210000.0,11
89,1.0,1,210000.0,11
90,1.0,1,210000.0,11
91,1.0,1,210000.0,11
92,1.0,1,210000.0,11
93,1.0,1,210000.0,11
94,1.0,1,210000.0,11
95,1.0,1,210000.0,11
96,1.0,1,210000.0,11
97,1.0,1,210000.0,11
98,1.0,1,210000.0,11
99,1.0,1,210000.0,11
0,1.0,3,720000.0,21
1,1.0,1,310000.0,21
2,1.0,1,310000.0,21
3,1.0,1,310000.0,21
4,1.0,1,310000.0,21
5,1.0,1,310000.0,21
6,1.0,1,310000.0,21
7,1.0,1,310000.0,21
8,1.0295220005548027e-34,1,310000.0,21
9,1.0,1,310000.0,21
10,1.0,1,310000.0,21
11,1.0,1,310000.0,21
12,1.0,1,310000.0,21
13,1.0,1,310000.0,21
14,1.0,1,310000.0,21
15,1.0,1,310000.0,21
16,1.0,1,310000.0,21
17,1.0,1,310000.0,21
18,1.0,1,310000.0,21
19,1.0,1,310000.0,21
20,1.0,1,310000.0,21
21,1.0,1,310000.0,21
22,1.0,1,310000.0,21
23,1.0295220005548027e-34,1,310000.0,21
24,1.0,1,310000.0,21
25,1.0,1,310000.0,21
26,1.0,1,310000.0,21
27,1.0,1,310000.0,21
28,1.0,1,310000.0,21
29,1.0,1,310000.0,21
30,1.0,1,310000.0,21
31,1.0,1,310000.0,21
32,1.0,1,310000.0,21
33,1.0,1,310000.0,21
34,1.0,1,310000.0,21
35,1.0,1,310000.0,21
36,1.0,1,310000.0,21
37,1.0,1,310000.0,21
38,1.0,1,310000.0,21
39,1.0,1,310000.0,21
40,1.0,1,310000.0,21
41,1.0,2,410000.0,21
42,1.0,1,310000.0,21
43,1.0,1,310000.0,21
44,1.0,1,310000.0,21
45,1.0,1,310000.0,21
46,1.0,1,310000.0,21
47,1.0,2,620000.0,21
48,1.0,2,410000.0,21
49,1.0,1,310000.0,21
50,1.0,1,310000.0,21
51,1.0,1,310000.0,21
52,1.0,1,310000.0,21
53,1.0,1,310000.0,21
54,1.0,1,310000.0,21
55,1.0,1,310000.0,21
56,0.0,2,620000.0,21
57,1.0,1,310000.0,21
58,1.0,1,310000.0,21
59,1.0,1,310000.0,21
60,1.0,1,310000.0,21
61,1.0,2,410000.0,21
62,1.0,2,410000.0,21
63,1.0,1,310000.0,21
64,1.0,2,620000.0,21
65,1.0,1,310000.0,21
66,1.0,1,310000.0,21
67,1.0,1,310000.0,21
68,1.0,1,310000.0,21
69,1.0,1,310000.0,21
70,1.0,1,310000.0,21
71,0.0,1,310000.0,21
72,1.0,1,310000.0,21
73,1.0,1,310000.0,21
74,1.0,1,310000.0,21
75,1.0,1,310000.0,21
76,1.0,1,310000.0,21
77,1.0,1,310000.0,21
78,1.0,1,310000.0,21
79,1.0,1,310000.0,21
80,0.0,1,310000.0,21
81,1.0,1,310000.0,21
82,1.0,1,310000.0,21
83,1.0,1,310000.0,21
84,1.0,2,620000.0,21
85,1.0,1,310000.0,21
86,1.0,1,310000.0,21
87,1.0,1,310000.0,21
88,1.0,1,310000.0,21
89,1.0,1,310000.0,21
90,1.0,1,310000.0,21
91,1.0,1,310000.0,21
92,1.0,1,310000.0,21
93,1.0,1,310000.0,21
94,1.0,1,310000.0,21
95,1.0,1,310000.0,21
96,1.0,1,310000.0,21
97,1.0,1,310000.0,21
98,1.0,1,310000.0,21
99,1.0,1,310000.0,21
0,1.0,1,410000.0,31
1,1.0,1,410000.0,31
2,0.0,1,410000.0,31
3,1.0,1,410000.0,31
4,1.0,1,410000.0,31
5,0.0,1,410000.0,31
6,1.0,1,410000.0,31
7,1.0,1,410000.0,31
8,1.0,1,410000.0,31
9,1.0,1,410000.0,31
10,1.0,1,410000.0,31
11,1.0,1,410000.0,31
12,1.0,1,410000.0,31
13,0.0,1,410000.0,31
14,1.0,1,410000.0,31
15,1.0,1,410000.0,31
16,1.0,1,410000.0,31
17,0.0,1,410000.0,31
18,1.0,1,410000.0,31
19,1.0,1,410000.0,31
20,0.0,2,820000.0,31
21,1.0,1,410000.0,31
22,1.0,1,410000.0,31
23,1.0,1,410000.0,31
24,0.0,1,410000.0,31
25,1.0,1,410000.0,31
26,1.0,1,410000.0,31
27,1.0,1,410000.0,31
28,1.0,1,410000.0,31
29,1.0,2,510000.0,31
30,1.0,1,410000.0,31
31,1.0,1,410000.0,31
32,1.0,1,410000.0,31
33,0.0,1,410000.0,31
34,1.0,1,410000.0,31
35,1.0,1,410000.0,31
36,0.0,1,410000.0,31
37,1.0,1,410000.0,31
38,1.0,1,410000.0,31
39,0.0,1,410000.0,31
40,0.0,1,410000.0,31
41,1.0,1,410000.0,31
42,1.0295220005548027e-34,1,410000.0,31
43,0.0,1,410000.0,31
44,1.0,2,510000.0,31
45,1.0,1,410000.0,31
46,1.0,1,410000.0,31
47,1.0,1,410000.0,31
48,1.0,1,410000.0,31
49,1.0,1,410000.0,31
50,0.0,1,410000.0,31
51,1.0,1,410000.0,31
52,1.0,1,410000.0,31
53,1.0,1,410000.0,31
54,1.0,1,410000.0,31
55,1.0,1,410000.0,31
56,1.0,1,410000.0,31
57,0.0,1,410000.0,31
58,1.0,1,410000.0,31
59,1.0295220005548027e-34,1,410000.0,31
60,1.0,1,410000.0,31
61,1.0,1,410000.0,31
62,1.0,2,820000.0,31
63,1.0,1,410000.0,31
64,1.0,1,410000.0,31
65,1.0,1,410000.0,31
66,1.0,1,410000.0,31
67,1.0,1,410000.0,31
68,1.0,1,410000.0,31
69,1.0,1,410000.0,31
70,1.0,1,410000.0,31
71,1.0,1,410000.0,31
72,1.0,1,410000.0,31
73,1.0,1,410000.0,31
74,1.0,2,510000.0,31
75,0.0,1,410000.0,31
76,1.0,1,410000.0,31
77,1.0,1,410000.0,31
78,1.0,1,410000.0,31
79,1.0295220005548027e-34,1,410000.0,31
80,1.0,1,410000.0,31
81,1.0,1,410000.0,31
82,1.0,1,410000.0,31
83,1.0,1,410000.0,31
84,1.0,1,410000.0,31
85,1.0,1,410000.0,31
86,1.0,1,410000.0,31
87,1.0,1,410000.0,31
88,1.0,1,410000.0,31
89,0.0,1,410000.0,31
90,0.0,1,410000.0,31
91,1.0,1,410000.0,31
92,1.0,1,410000.0,31
93,1.0,1,410000.0,31
94,1.0,3,1230000.0,31
95,0.0,1,410000.0,31
96,1.0,1,410000.0,31
97,0.0,1,410000.0,31
98,0.0,1,410000.0,31
99,1.0,1,410000.0,31
0,1.0,1,510000.0,41
1,1.0,1,510000.0,41
2,1.0,1,510000.0,41
3,1.0,1,510000.0,41
4,1.0,1,510000.0,41
5,1.0,1,510000.0,41
6,1.0,1,510000.0,41
7,1.0,1,510000.0,41
8,1.0,1,510000.0,41
9,1.0,1,510000.0,41
10,1.0,1,510000.0,41
11,1.0,1,510000.0,41
12,1.0,1,510000.0,41
13,0.0,1,510000.0,41
14,1.0,1,510000.0,41
15,1.0,1,510000.0,41
16,0.0,1,510000.0,41
17,1.0,1,510000.0,41
18,1.0,1,510000.0,41
19,1.0,2,610000.0,41
20,1.0,1,510000.0,41
21,1.0,1,510000.0,41
22,1.0,1,510000.0,41
23,1.0,2,1020000.0,41
24,1.0,1,510000.0,41
25,1.0,1,510000.0,41
26,1.0,1,510000.0,41
27,1.0,2,1020000.0,41
28,0.0,1,510000.0,41
29,0.0,1,510000.0,41
30,1.0,1,510000.0,41
31,1.0,1,510000.0,41
32,1.0,1,510000.0,41
33,0.0,1,510000.0,41
34,1.0,1,510000.0,41
35,1.0,2,610000.0,41
36,1.0295220005548027e-34,1,510000.0,41
37,1.0,1,510000.0,41
38,1.0,1,510000.0,41
39,1.0,1,510000.0,41
40,1.0,1,510000.0,41
41,1.0,1,510000.0,41
42,1.0,2,610000.0,41
43,1.0,1,510000.0,41
44,1.0,1,510000.0,41
45,1.0,1,510000.0,41
46,1.0,1,510000.0,41
47,1.0,1,510000.0,41
48,1.0,1,510000.0,41
49,1.0,1,510000.0,41
50,1.0,1,510000.0,41
51,1.0,1,510000.0,41
52,1.0,1,510000.0,41
53,1.0,1,510000.0,41
54,1.0,1,510000.0,41
55,1.0,1,510000.0,41
56,0.0,1,510000.0,41
57,1.0,3,710000.0,41
58,0.0,1,510000.0,41
59,0.0,1,510000.0,41
60,1.0,1,510000.0,41
61,1.0,1,510000.0,41
62,1.0,1,510000.0,41
63,0.0,1,510000.0,41
64,1.0,1,510000.0,41
65,1.0,1,510000.0,41
66,1.0,1,510000.0,41
67,1.0,1,510000.0,41
68,1.0,1,510000.0,41
69,0.0,1,510000.0,41
70,0.0,1,510000.0,41
71,1.0,1,510000.0,41
72,0.0,1,510000.0,41
73,1.0,1,510000.0,41
74,1.0,1,510000.0,41
75,1.0,1,510000.0,41
76,1.0,2,1020000.0,41
77,1.0,1,510000.0,41
78,1.0,1,510000.0,41
79,1.0,1,510000.0,41
80,1.0,2,610000.0,41
81,1.0295220005548027e-34,1,510000.0,41
82,1.0295220005548027e-34,1,510000.0,41
83,1.0,1,510000.0,41
84,1.0,1,510000.0,41
85,1.0,1,510000.0,41
86,1.0,2,610000.0,41
87,1.0,1,510000.0,41
88,1.0,2,610000.0,41
89,1.0,2,1020000.0,41
90,1.0,1,510000.0,41
91,1.0,1,510000.0,41
92,1.0,1,510000.0,41
93,1.0,1,510000.0,41
94,1.0,1,510000.0,41
95,0.0,1,510000.0,41
96,1.0,1,510000.0,41
97,1.0,1,510000.0,41
98,1.0,1,510000.0,41
99,0.0,1,510000.0,41
0,1.0,1,610000.0,51
1,1.0,1,610000.0,51
2,1.0,1,610000.0,51
3,1.0295220005548027e-34,1,610000.0,51
4,1.0,1,610000.0,51
5,1.0,2,710000.0,51
6,1.0,1,610000.0,51
7,1.0,1,610000.0,51
8,1.0295220005548027e-34,1,610000.0,51
9,1.0,1,610000.0,51
10,1.0,1,610000.0,51
11,1.0,1,610000.0,51
12,1.0,1,610000.0,51
13,1.0,1,610000.0,51
14,1.0,1,610000.0,51
15,1.0,1,610000.0,51
16,1.0295220005548027e-34,1,610000.0,51
17,0.0,1,610000.0,51
18,1.0,1,610000.0,51
19,1.0295220005548027e-34,1,610000.0,51
20,1.0,1,610000.0,51
21,0.0,1,610000.0,51
22,1.0,1,610000.0,51
23,0.0,1,610000.0,51
24,1.0,1,610000.0,51
25,1.0,1,610000.0,51
26,1.0,1,610000.0,51
27,1.0,1,610000.0,51
28,1.0,1,610000.0,51
29,1.0,1,610000.0,51
30,1.0,1,610000.0,51
31,1.0,2,710000.0,51
32,1.0,1,610000.0,51
33,1.0,1,610000.0,51
34,1.0,1,610000.0,51
35,1.0,1,610000.0,51
36,1.0295220005548027e-34,1,610000.0,51
37,1.0,1,610000.0,51
38,1.0,1,610000.0,51
39,1.0,1,610000.0,51
40,1.0,1,610000.0,51
41,1.0,1,610000.0,51
42,1.0,1,610000.0,51
43,1.0,1,610000.0,51
44,1.0,1,610000.0,51
45,1.0,1,610000.0,51
46,1.0,1,610000.0,51
47,1.0,1,610000.0,51
48,1.0295220005548027e-34,3,810000.0,51
49,1.0,2,1220000.0,51
50,1.0,1,610000.0,51
51,0.0,1,610000.0,51
52,0.0,1,610000.0,51
53,1.0,1,610000.0,51
54,1.0,3,1320000.0,51
55,1.0,1,610000.0,51
56,1.0295220005548027e-34,1,610000.0,51
57,1.0,1,610000.0,51
58,1.0,1,610000.0,51
59,1.0295220005548027e-34,1,610000.0,51
60,1.0,1,610000.0,51
61,1.0,1,610000.0,51
62,1.0,2,1220000.0,51
63,1.0,1,610000.0,51
64,1.0,2,1220000.0,51
65,1.0,1,610000.0,51
66,1.0,1,610000.0,51
67,1.0,1,610000.0,51
68,1.0,1,610000.0,51
69,0.0,1,610000.0,51
70,1.0,1,610000.0,51
71,1.0,1,610000.0,51
72,1.0,1,610000.0,51
73,1.0,1,610000.0,51
74,1.0,1,610000.0,51
75,0.0,1,610000.0,51
76,1.0,2,1220000.0,51
77,1.0,1,610000.0,51
78,1.0,1,610000.0,51
79,1.0,1,610000.0,51
80,1.0,1,610000.0,51
81,0.0,1,610000.0,51
82,0.0,1,610000.0,51
83,1.0,1,610000.0,51
84,1.0,1,610000.0,51
85,1.0,1,610000.0,51
86,1.0,1,610000.0,51
87,1.0,1,610000.0,51
88,1.0,1,610000.0,51
89,1.0,1,610000.0,51
90,0.0,1,610000.0,51
91,1.0,1,610000.0,51
92,1.0,1,610000.0,51
93,1.0,1,610000.0,51
94,1.0,1,610000.0,51
95,1.0,1,610000.0,51
96,1.0,1,610000.0,51
97,1.0,1,610000.0,51
98,1.0,1,610000.0,51
99,1.0,1,610000.0,51
0,1.0,1,710000.0,61
1,1.0,1,710000.0,61
2,1.0,1,710000.0,61
3,1.0,2,810000.0,61
4,0.0,1,710000.0,61
5,1.0,1,710000.0,61
6,1.0,1,710000.0,61
7,0.0,1,710000.0,61
8,1.0,1,710000.0,61
9,0.0,1,710000.0,61
10,1.0,1,710000.0,61
11,0.0,1,710000.0,61
12,1.0,1,710000.0,61
13,1.0,1,710000.0,61
14,1.0,1,710000.0,61
15,1.0,1,710000.0,61
16,0.0,1,710000.0,61
17,1.0,1,710000.0,61
18,1.0,1,710000.0,61
19,1.0,1,710000.0,61
20,1.0,1,710000.0,61
21,1.0,1,710000.0,61
22,1.0,1,710000.0,61
23,1.0,1,710000.0,61
24,1.0,1,710000.0,61
25,1.0295220005548027e-34,1,710000.0,61
26,1.0,1,710000.0,61
27,0.0,1,710000.0,61
28,1.0295220005548027e-34,1,710000.0,61
29,1.0,2,1420000.0,61
30,1.0295220005548027e-34,2,810000.0,61
31,1.0,1,710000.0,61
32,1.0,1,710000.0,61
33,1.0295220005548027e-34,1,710000.0,61
34,1.0,2,1420000.0,61
35,1.0,1,710000.0,61
36,0.0,1,710000.0,61
37,1.0,1,710000.0,61
38,1.0,1,710000.0,61
39,0.0,1,710000.0,61
40,1.0,1,710000.0,61
41,0.0,1,710000.0,61
42,1.0,1,710000.0,61
43,1.0,1,710000.0,61
44,1.0,1,710000.0,61
45,1.0,1,710000.0,61
46,1.0,1,710000.0,61
47,1.0295220005548027e-34,1,710000.0,61
48,1.0,1,710000.0,61
49,1.0,1,710000.0,61
50,1.0,1,710000.0,61
51,1.0,1,710000.0,61
52,1.0,1,710000.0,61
53,1.0,1,710000.0,61
54,0.0,1,710000.0,61
55,1.0,1,710000.0,61
56,1.0,1,710000.0,61
57,1.0,2,810000.0,61
58,1.0,1,710000.0,61
59,1.0,1,710000.0,61
60,1.0,1,710000.0,61
61,1.0,1,710000.0,61
62,1.0,1,710000.0,61
63,1.0,1,710000.0,61
64,0.0,2,810000.0,61
65,1.0,1,710000.0,61
66,1.0,1,710000.0,61
67,1.0,1,710000.0,61
68,1.0,1,710000.0,61
69,1.0,1,710000.0,61
70,0.0,2,810000.0,61
71,1.0,3,1520000.0,61
72,1.0,1,710000.0,61
73,1.0,1,710000.0,61
74,1.0,1,710000.0,61
75,1.0,1,710000.0,61
76,1.0,1,710000.0,61
77,1.0,1,710000.0,61
78,1.0,1,710000.0,61
79,1.0,3,1520000.0,61
80,1.0,1,710000.0,61
81,1.0295220005548027e-34,1,710000.0,61
82,1.0,2,1420000.0,61
83,1.0295220005548027e-34,1,710000.0,61
84,1.0,1,710000.0,61
85,0.0,1,710000.0,61
86,1.0295220005548027e-34,1,710000.0,61
87,0.0,1,710000.0,61
88,1.0,1,710000.0,61
89,1.0,2,1420000.0,61
90,1.0,1,710000.0,61
91,0.0,1,710000.0,61
92,1.0,1,710000.0,61
93,1.0,1,710000.0,61
94,1.0,1,710000.0,61
95,1.0,1,710000.0,61
96,1.0,1,710000.0,61
97,0.0,1,710000.0,61
98,1.0,1,710000.0,61
99,1.0,1,710000.0,61
0,1.0295220005548027e-34,1,810000.0,71
1,1.0295220005548027e-34,1,810000.0,71
2,1.0,1,810000.0,71
3,1.0,1,810000.0,71
4,1.0,2,910000.0,71
5,1.0,1,810000.0,71
6,1.0,1,810000.0,71
7,0.0,1,810000.0,71
8,1.0,1,810000.0,71
9,1.0295220005548027e-34,1,810000.0,71
10,1.0,1,810000.0,71
11,1.0295220005548027e-34,2,1620000.0,71
12,1.0,1,810000.0,71
13,1.0295220005548027e-34,1,810000.0,71
14,0.0,1,810000.0,71
15,1.0,1,810000.0,71
16,1.0,1,810000.0,71
17,1.0,2,910000.0,71
18,1.0,1,810000.0,71
19,1.0,1,810000.0,71
20,1.0,1,810000.0,71
21,1.0,1,810000.0,71
22,0.0,1,810000.0,71
23,1.0,1,810000.0,71
24,1.0,1,810000.0,71
25,0.0,1,810000.0,71
26,1.0,1,810000.0,71
27,1.0295220005548027e-34,1,810000.0,71
28,1.0,1,810000.0,71
29,1.0,1,810000.0,71
30,1.0295220005548027e-34,1,810000.0,71
31,1.0295220005548027e-34,1,810000.0,71
32,1.0,1,810000.0,71
33,0.0,1,810000.0,71
34,1.0,1,810000.0,71
35,0.0,1,810000.0,71
36,1.0,1,810000.0,71
37,1.0,1,810000.0,71
38,1.0,1,810000.0,71
39,1.0,2,1620000.0,71
40,1.0,1,810000.0,71
41,1.0,1,810000.0,71
42,1.0,1,810000.0,71
43,1.0,1,810000.0,71
44,1.0,1,810000.0,71
45,1.0,1,810000.0,71
46,1.0295220005548027e-34,1,810000.0,71
47,1.0,1,810000.0,71
48,1.0,1,810000.0,71
49,1.0,2,910000.0,71
50,1.0,1,810000.0,71
51,1.0,1,810000.0,71
52,1.0,2,910000.0,71
53,0.0,1,810000.0,71
54,1.0,1,810000.0,71
55,1.0,2,1620000.0,71
56,0.0,2,910000.0,71
57,0.0,1,810000.0,71
58,1.0,1,810000.0,71
59,1.0,1,810000.0,71
60,0.0,1,810000.0,71
61,1.0,2,1620000.0,71
62,1.0295220005548027e-34,1,810000.0,71
63,1.0295220005548027e-34,1,810000.0,71
64,1.0,1,810000.0,71
65,1.0,1,810000.0,71
66,1.0,1,810000.0,71
67,0.0,1,810000.0,71
68,0.0,1,810000.0,71
69,1.0,1,810000.0,71
70,0.0,1,810000.0,71
71,1.0,1,810000.0,71
72,1.0295220005548027e-34,1,810000.0,71
73,1.0,1,810000.0,71
74,1.0,1,810000.0,71
75,1.0,3,1010000.0,71
76,1.0,2,910000.0,71
77,1.0,1,810000.0,71
78,1.0,1,810000.0,71
79,1.0,1,810000.0,71
80,1.0,1,810000.0,71
81,0.0,1,810000.0,71
82,1.0,1,810000.0,71
83,1.0,3,1010000.0,71
84,1.0,1,810000.0,71
85,1.0,1,810000.0,71
86,1.0,1,810000.0,71
87,1.0,1,810000.0,71
88,0.0,2,910000.0,71
89,1.0,1,810000.0,71
90,1.0,1,810000.0,71
91,1.0,1,810000.0,71
92,1.0,1,810000.0,71
93,1.0295220005548027e-34,1,810000.0,71
94,1.0,1,810000.0,71
95,1.0,1,810000.0,71
96,1.0,1,810000.0,71
97,1.0,1,810000.0,71
98,0.0,1,810000.0,71
99,1.0,1,810000.0,71
0,1.0,2,1010000.0,81
1,0.0,1,910000.0,81
2,1.0,1,910000.0,81
3,0.0,1,910000.0,81
4,1.0,1,910000.0,81
5,1.0,2,1010000.0,81
6,1.0,1,910000.0,81
7,1.0,1,910000.0,81
8,1.0295220005548027e-34,1,910000.0,81
9,1.0,1,910000.0,81
10,1.0,1,910000.0,81
11,1.0,1,910000.0,81
12,1.0,1,910000.0,81
13,1.0,1,910000.0,81
14,1.0,1,910000.0,81
15,1.0,1,910000.0,81
16,1.0,1,910000.0,81
17,1.0,1,910000.0,81
18,1.0,1,910000.0,81
19,1.0,1,910000.0,81
20,1.0,1,910000.0,81
21,1.0,1,910000.0,81
22,0.0,1,910000.0,81
23,1.0,1,910000.0,81
24,1.0295220005548027e-34,1,910000.0,81
25,1.0295220005548027e-34,1,910000.0,81
26,1.0,1,910000.0,81
27,1.0,1,910000.0,81
28,0.0,1,910000.0,81
29,1.0,1,910000.0,81
30,1.0295220005548027e-34,1,910000.0,81
31,1.0,1,910000.0,81
32,1.0,1,910000.0,81
33,1.0295220005548027e-34,1,910000.0,81
34,1.0,2,1010000.0,81
35,1.0,1,910000.0,81
36,1.0,1,910000.0,81
37,1.0,1,910000.0,81
38,1.0,1,910000.0,81
39,1.0,1,910000.0,81
40,1.0295220005548027e-34,1,910000.0,81
41,1.0,1,910000.0,81
42,1.0295220005548027e-34,1,910000.0,81
43,0.0,2,1010000.0,81
44,1.0,1,910000.0,81
45,1.0,1,910000.0,81
46,0.0,1,910000.0,81
47,1.0,1,910000.0,81
48,1.0,1,910000.0,81
49,1.0295220005548027e-34,1,910000.0,81
50,1.0,1,910000.0,81
51,1.0,1,910000.0,81
52,1.0,1,910000.0,81
53,1.0,1,910000.0,81
54,1.0,1,910000.0,81
55,0.0,2,1010000.0,81
56,1.0,1,910000.0,81
57,1.0,2,1820000.0,81
58,1.0,1,910000.0,81
59,1.0,1,910000.0,81
60,1.0,1,910000.0,81
61,1.0,2,1820000.0,81
62,1.0,1,910000.0,81
63,1.0295220005548027e-34,1,910000.0,81
64,1.0,1,910000.0,81
65,1.0295220005548027e-34,1,910000.0,81
66,1.0,1,910000.0,81
67,1.0,1,910000.0,81
68,1.0,1,910000.0,81
69,0.0,2,1820000.0,81
70,1.0,1,910000.0,81
71,1.0,1,910000.0,81
72,1.0,1,910000.0,81
73,1.0,1,910000.0,81
74,1.0,1,910000.0,81
75,1.0,1,910000.0,81
76,0.0,2,1010000.0,81
77,1.0,1,910000.0,81
78,1.0295220005548027e-34,2,1010000.0,81
79,0.0,1,910000.0,81
80,1.0,1,910000.0,81
81,1.0,1,910000.0,81
82,1.0,3,1920000.0,81
83,1.0295220005548027e-34,1,910000.0,81
84,1.0,1,910000.0,81
85,1.0,1,910000.0,81
86,1.0,2,1820000.0,81
87,0.0,1,910000.0,81
88,1.0,1,910000.0,81
89,0.0,1,910000.0,81
90,1.0295220005548027e-34,1,910000.0,81
91,1.0,1,910000.0,81
92,0.0,1,910000.0,81
93,1.0,1,910000.0,81
94,0.0,1,910000.0,81
95,1.0,2,1010000.0,81
96,1.0,1,910000.0,81
97,0.0,1,910000.0,81
98,1.0,1,910000.0,81
99,1.0,1,910000.0,81
0,1.0,2,1110000.0,91
1,1.0,1,1010000.0,91
2,0.0,1,1010000.0,91
3,1.0,1,1010000.0,91
4,1.0295220005548027e-34,1,1010000.0,91
5,1.0,1,1010000.0,91
6,1.0,1,1010000.0,91
7,1.0,1,1010000.0,91
8,0.0,2,2020000.0,91
9,1.0,1,1010000.0,91
10,1.0,1,1010000.0,91
11,1.0,1,1010000.0,91
12,1.0,1,1010000.0,91
13,1.0,1,1010000.0,91
14,1.0,1,1010000.0,91
15,1.0,1,1010000.0,91
16,1.0,2,1110000.0,91
17,1.0,1,1010000.0,91
18,1.0295220005548027e-34,1,1010000.0,91
19,1.0,2,1110000.0,91
20,1.0,1,1010000.0,91
21,0.0,1,1010000.0,91
22,1.0,1,1010000.0,91
23,1.0,1,1010000.0,91
24,1.0,1,1010000.0,91
25,1.0,1,1010000.0,91
26,1.0,1,1010000.0,91
27,1.0,1,1010000.0,91
28,1.0,1,1010000.0,91
29,1.0295220005548027e-34,1,1010000.0,91
30,0.0,1,1010000.0,91
31,1.0,1,1010000.0,91
32,1.0,1,1010000.0,91
33,1.0,1,1010000.0,91
34,1.0,1,1010000.0,91
35,1.0,2,2020000.0,91
36,1.0,1,1010000.0,91
37,0.0,1,1010000.0,91
38,1.0295220005548027e-34,1,1010000.0,91
39,0.0,1,1010000.0,91
40,1.0,1,1010000.0,91
41,1.0,1,1010000.0,91
42,1.0,1,1010000.0,91
43,1.0295220005548027e-34,1,1010000.0,91
44,0.0,1,1010000.0,91
45,1.0,1,1010000.0,91
46,0.0,1,1010000.0,91
47,1.0,1,1010000.0,91
48,0.0,1,1010000.0,91
49,1.0,2,1110000.0,91
50,1.0295220005548027e-34,1,1010000.0,91
51,1.0,1,1010000.0,91
52,1.0,1,1010000.0,91
53,1.0,1,1010000.0,91
54,1.0295220005548027e-34,1,1010000.0,91
55,1.0,1,1010000.0,91
56,1.0,1,1010000.0,91
57,1.0,1,1010000.0,91
58,1.0295220005548027e-34,1,1010000.0,91
59,1.0295220005548027e-34,1,1010000.0,91
60,1.0,1,1010000.0,91
61,1.0,1,1010000.0,91
62,1.0295220005548027e-34,1,1010000.0,91
63,1.0,2,1110000.0,91
64,0.0,1,1010000.0,91
65,1.0,1,1010000.0,91
66,1.0,2,1110000.0,91
67,1.0,1,1010000.0,91
68,1.0,1,1010000.0,91
69,1.0,1,1010000.0,91
70,1.0,1,1010000.0,91
71,0.0,1,1010000.0,91
72,1.0,1,1010000.0,91
73,1.0,1,1010000.0,91
74,1.0,1,1010000.0,91
75,1.0,1,1010000.0,91
76,0.0,1,1010000.0,91
77,1.0,1,1010000.0,91
78,1.0,1,1010000.0,91
79,1.0,1,1010000.0,91
80,1.0,1,1010000.0,91
81,1.0,1,1010000.0,91
82,1.0,1,1010000.0,91
83,1.0,1,1010000.0,91
84,0.0,1,1010000.0,91
85,0.0,1,1010000.0,91
86,0.0,1,1010000.0,91
87,1.0,1,1010000.0,91
88,1.0,1,1010000.0,91
89,1.0,1,1010000.0,91
90,1.0,2,2020000.0,91
91,1.0,2,2020000.0,91
92,0.0,1,1010000.0,91
93,0.0,1,1010000.0,91
94,1.0,1,1010000.0,91
95,1.0,1,1010000.0,91
96,1.0295220005548027e-34,1,1010000.0,91
97,0.0,1,1010000.0,91
98,1.0295220005548027e-34,1,1010000.0,91
99,1.0,1,1010000.0,91
0,0.0,1,1110000.0,101
1,1.0,2,1210000.0,101
2,1.0,1,1110000.0,101
3,1.0,1,1110000.0,101
4,1.0,1,1110000.0,101
5,1.0295220005548027e-34,1,1110000.0,101
6,1.0,1,1110000.0,101
7,1.0,1,1110000.0,101
8,0.0,1,1110000.0,101
9,1.0,1,1110000.0,101
10,1.0,1,1110000.0,101
11,0.0,1,1110000.0,101
12,1.0,1,1110000.0,101
13,1.0295220005548027e-34,1,1110000.0,101
14,0.0,1,1110000.0,101
15,1.0,1,1110000.0,101
16,1.0,3,2320000.0,101
17,1.0,1,1110000.0,101
18,1.0,1,1110000.0,101
19,1.0,1,1110000.0,101
20,1.0,1,1110000.0,101
21,1.0,1,1110000.0,101
22,0.0,2,2220000.0,101
23,1.0,1,1110000.0,101
24,1.0,1,1110000.0,101
25,1.0,1,1110000.0,101
26,1.0,1,1110000.0,101
27,1.0,1,1110000.0,101
28,1.0,1,1110000.0,101
29,1.0,1,1110000.0,101
30,1.0,1,1110000.0,101
31,1.0,1,1110000.0,101
32,1.0,1,1110000.0,101
33,1.0,1,1110000.0,101
34,1.0,1,1110000.0,101
35,1.0,1,1110000.0,101
36,1.0,1,1110000.0,101
37,1.0,1,1110000.0,101
38,1.0,1,1110000.0,101
39,1.0,1,1110000.0,101
40,1.0,1,1110000.0,101
41,1.0,1,1110000.0,101
42,1.0,2,2220000.0,101
43,1.0,1,1110000.0,101
44,0.0,1,1110000.0,101
45,1.0,1,1110000.0,101
46,1.0,1,1110000.0,101
47,1.0,1,1110000.0,101
48,1.0,1,1110000.0,101
49,0.0,1,1110000.0,101
50,0.0,1,1110000.0,101
51,1.0,1,1110000.0,101
52,1.0,1,1110000.0,101
53,1.0,1,1110000.0,101
54,1.0,1,1110000.0,101
55,1.0,1,1110000.0,101
56,0.0,2,2220000.0,101
57,1.0,1,1110000.0,101
58,1.0,1,1110000.0,101
59,1.0295220005548027e-34,1,1110000.0,101
60,1.0,1,1110000.0,101
61,1.0,2,1210000.0,101
62,1.0,1,1110000.0,101
63,1.0,1,1110000.0,101
64,1.0,1,1110000.0,101
65,1.0,1,1110000.0,101
66,1.0,1,1110000.0,101
67,1.0,1,1110000.0,101
68,0.0,1,1110000.0,101
69,0.0,1,1110000.0,101
70,1.0,1,1110000.0,101
71,1.0,1,1110000.0,101
72,1.0,1,1110000.0,101
73,0.0,1,1110000.0,101
74,1.0,3,3330000.0,101
75,1.0,2,2220000.0,101
76,1.0,1,1110000.0,101
77,0.0,1,1110000.0,101
78,1.0,1,1110000.0,101
79,0.0,1,1110000.0,101
80,1.0,1,1110000.0,101
81,1.0295220005548027e-34,1,1110000.0,101
82,1.0,1,1110000.0,101
83,0.0,2,1210000.0,101
84,0.0,1,1110000.0,101
85,1.0,1,1110000.0,101
86,0.0,1,1110000.0,101
87,1.0,3,3330000.0,101
88,1.0,1,1110000.0,101
89,1.0,1,1110000.0,101
90,1.0,1,1110000.0,101
91,1.0,1,1110000.0,101
92,1.0,1,1110000.0,101
93,1.0,1,1110000.0,101
94,1.0,1,1110000.0,101
95,0.0,1,1110000.0,101
96,1.0,1,1110000.0,101
97,1.0295220005548027e-34,1,1110000.0,101
98,1.0,1,1110000.0,101
99,0.0,1,1110000.0,101
0,1.0,1,1210000.0,111
1,1.0,2,1310000.0,111
2,1.0,1,1210000.0,111
3,1.0,1,1210000.0,111
4,0.0,1,1210000.0,111
5,0.0,1,1210000.0,111
6,1.0,1,1210000.0,111
7,1.0,1,1210000.0,111
8,1.0295220005548027e-34,1,1210000.0,111
9,0.0,1,1210000.0,111
10,1.0,1,1210000.0,111
11,1.0295220005548027e-34,1,1210000.0,111
12,1.0,1,1210000.0,111
13,1.0,1,1210000.0,111
14,0.0,1,1210000.0,111
15,1.0,1,1210000.0,111
16,1.0,1,1210000.0,111
17,0.0,1,1210000.0,111
18,1.0,2,2420000.0,111
19,0.0,1,1210000.0,111
20,1.0,1,1210000.0,111
21,1.0,1,1210000.0,111
22,1.0295220005548027e-34,1,1210000.0,111
23,1.0,1,1210000.0,111
24,1.0,1,1210000.0,111
25,0.0,1,1210000.0,111
26,0.0,1,1210000.0,111
27,1.0,1,1210000.0,111
28,1.0,1,1210000.0,111
29,0.0,1,1210000.0,111
30,1.0,1,1210000.0,111
31,1.0295220005548027e-34,1,1210000.0,111
32,1.0,1,1210000.0,111
33,1.0,1,1210000.0,111
34,0.0,1,1210000.0,111
35,1.0,1,1210000.0,111
36,1.0,1,1210000.0,111
37,1.0,2,1310000.0,111
38,1.0,1,1210000.0,111
39,1.0,1,1210000.0,111
40,0.0,1,1210000.0,111
41,0.0,1,1210000.0,111
42,1.0,1,1210000.0,111
43,0.0,1,1210000.0,111
44,0.0,2,1310000.0,111
45,1.0,1,1210000.0,111
46,1.0,2,2420000.0,111
47,1.0,1,1210000.0,111
48,1.0,1,1210000.0,111
49,1.0,1,1210000.0,111
50,0.0,2,2420000.0,111
51,1.0,1,1210000.0,111
52,1.0,1,1210000.0,111
53,0.0,1,1210000.0,111
54,1.0,1,1210000.0,111
55,1.0,1,1210000.0,111
56,1.0,1,1210000.0,111
57,0.0,1,1210000.0,111
58,1.0,1,1210000.0,111
59,0.0,1,1210000.0,111
60,1.0295220005548027e-34,1,1210000.0,111
61,1.0295220005548027e-34,1,1210000.0,111
62,1.0,1,1210000.0,111
63,0.0,1,1210000.0,111
64,1.0,1,1210000.0,111
65,1.0,1,1210000.0,111
66,1.0,1,1210000.0,111
67,1.0,1,1210000.0,111
68,1.0,1,1210000.0,111
69,1.0,1,1210000.0,111
70,0.0,1,1210000.0,111
71,1.0,1,1210000.0,111
72,1.0,1,1210000.0,111
73,1.0,2,1310000.0,111
74,1.0295220005548027e-34,1,1210000.0,111
75,0.0,1,1210000.0,111
76,0.0,1,1210000.0,111
77,0.0,1,1210000.0,111
78,0.0,1,1210000.0,111
79,1.0,1,1210000.0,111
80,1.0,1,1210000.0,111
81,0.0,1,1210000.0,111
82,1.0,1,1210000.0,111
83,1.0,2,2420000.0,111
84,1.0,1,1210000.0,111
85,1.0,1,1210000.0,111
86,1.0,1,1210000.0,111
87,1.0,1,1210000.0,111
88,0.0,1,1210000.0,111
89,0.0,1,1210000.0,111
90,1.0,1,1210000.0,111
91,1.0,1,1210000.0,111
92,0.0,2,2420000.0,111
93,0.0,1,1210000.0,111
94,1.0,2,1310000.0,111
95,1.0,1,1210000.0,111
96,1.0,1,1210000.0,111
97,1.0,1,1210000.0,111
98,1.0,1,1210000.0,111
99,1.0,1,1210000.0,111
0,0.0,1,1310000.0,121
1,1.0,1,1310000.0,121
2,0.0,1,1310000.0,121
3,1.0295220005548027e-34,1,1310000.0,121
4,0.0,1,1310000.0,121
5,1.0,1,1310000.0,121
6,0.0,1,1310000.0,121
7,1.0,1,1310000.0,121
8,1.0295220005548027e-34,1,1310000.0,121
9,1.0,1,1310000.0,121
10,1.0,1,1310000.0,121
11,1.0295220005548027e-34,1,1310000.0,121
12,1.0,3,2720000.0,121
13,1.0,1,1310000.0,121
14,1.0,1,1310000.0,121
15,0.0,1,1310000.0,121
16,0.0,1,1310000.0,121
17,1.0,1,1310000.0,121
18,1.0,1,1310000.0,121
19,0.0,2,1410000.0,121
20,1.0295220005548027e-34,1,1310000.0,121
21,1.0,1,1310000.0,121
22,0.0,1,1310000.0,121
23,1.0,1,1310000.0,121
24,1.0,1,1310000.0,121
25,1.0,1,1310000.0,121
26,1.0,2,1410000.0,121
27,1.0,3,1510000.0,121
28,1.0,2,2620000.0,121
29,1.0,1,1310000.0,121
30,1.0295220005548027e-34,1,1310000.0,121
31,1.0,1,1310000.0,121
32,1.0295220005548027e-34,1,1310000.0,121
33,1.0,1,1310000.0,121
34,1.0,1,1310000.0,121
35,1.0,1,1310000.0,121
36,0.0,1,1310000.0,121
37,1.0,1,1310000.0,121
38,0.0,1,1310000.0,121
39,1.0,1,1310000.0,121
40,1.0,1,1310000.0,121
41,1.0,1,1310000.0,121
42,1.0,1,1310000.0,121
43,0.0,1,1310000.0,121
44,1.0295220005548027e-34,1,1310000.0,121
45,0.0,1,1310000.0,121
46,1.0,1,1310000.0,121
47,0.0,1,1310000.0,121
48,0.0,2,1410000.0,121
49,1.0,1,1310000.0,121
50,1.0,1,1310000.0,121
51,1.0295220005548027e-34,1,1310000.0,121
52,1.0,1,1310000.0,121
53,1.0295220005548027e-34,1,1310000.0,121
54,1.0,1,1310000.0,121
55,1.0,1,1310000.0,121
56,1.0,1,1310000.0,121
57,1.0,1,1310000.0,121
58,1.0,1,1310000.0,121
59,0.0,1,1310000.0,121
60,1.0295220005548027e-34,1,1310000.0,121
61,1.0,1,1310000.0,121
62,0.0,1,1310000.0,121
63,1.0295220005548027e-34,1,1310000.0,121
64,1.0,1,1310000.0,121
65,1.0,2,1410000.0,121
66,1.0,1,1310000.0,121
67,1.0295220005548027e-34,1,1310000.0,121
68,1.0,1,1310000.0,121
69,1.0295220005548027e-34,1,1310000.0,121
70,1.0,1,1310000.0,121
71,1.0,1,1310000.0,121
72,0.0,1,1310000.0,121
73,0.0,1,1310000.0,121
74,1.0,1,1310000.0,121
75,1.0295220005548027e-34,1,1310000.0,121
76,0.0,1,1310000.0,121
77,0.0,1,1310000.0,121
78,1.0,1,1310000.0,121
79,1.0295220005548027e-34,1,1310000.0,121
80,1.0,1,1310000.0,121
81,0.0,1,1310000.0,121
82,1.0,1,1310000.0,121
83,1.0,1,1310000.0,121
84,1.0,1,1310000.0,121
85,1.0295220005548027e-34,1,1310000.0,121
86,1.0,1,1310000.0,121
87,1.0,1,1310000.0,121
88,0.0,1,1310000.0,121
89,1.0,1,1310000.0,121
90,1.0,1,1310000.0,121
91,0.0,1,1310000.0,121
92,0.0,1,1310000.0,121
93,1.0,2,2620000.0,121
94,1.0295220005548027e-34,1,1310000.0,121
95,1.0,1,1310000.0,121
96,1.0,1,1310000.0,121
97,1.0,1,1310000.0,121
98,1.0,1,1310000.0,121
99,1.0,1,1310000.0,121
0,1.0,1,1410000.0,131
1,1.0,1,1410000.0,131
2,1.0295220005548027e-34,2,1510000.0,131
3,1.0,1,1410000.0,131
4,0.0,1,1410000.0,131
5,1.0,1,1410000.0,131
6,1.0295220005548027e-34,1,1410000.0,131
7,1.0,1,1410000.0,131
8,1.0,1,1410000.0,131
9,1.0295220005548027e-34,2,1510000.0,131
10,1.0,1,1410000.0,131
11,1.0,1,1410000.0,131
12,0.0,1,1410000.0,131
13,1.0,1,1410000.0,131
14,1.0,1,1410000.0,131
15,0.0,1,1410000.0,131
16,1.0,1,1410000.0,131
17,1.0,1,1410000.0,131
18,0.0,1,1410000.0,131
19,1.0,1,1410000.0,131
20,0.0,1,1410000.0,131
21,0.0,1,1410000.0,131
22,1.0295220005548027e-34,1,1410000.0,131
23,0.0,1,1410000.0,131
24,0.0,1,1410000.0,131
25,1.0,1,1410000.0,131
26,0.0,1,1410000.0,131
27,1.0,1,1410000.0,131
28,1.0,1,1410000.0,131
29,1.0295220005548027e-34,1,1410000.0,131
30,1.0,1,1410000.0,131
31,1.0,1,1410000.0,131
32,0.0,1,1410000.0,131
33,1.0,1,1410000.0,131
34,1.0,1,1410000.0,131
35,1.0295220005548027e-34,1,1410000.0,131
36,1.0,1,1410000.0,131
37,1.0,1,1410000.0,131
38,0.0,1,1410000.0,131
39,1.0,1,1410000.0,131
40,1.0,1,1410000.0,131
41,1.0295220005548027e-34,1,1410000.0,131
42,1.0,1,1410000.0,131
43,1.0,1,1410000.0,131
44,1.0,1,1410000.0,131
45,0.0,1,1410000.0,131
46,1.0,2,2820000.0,131
47,1.0,1,1410000.0,131
48,1.0,1,1410000.0,131
49,1.0,1,1410000.0,131
50,1.0,1,1410000.0,131
51,0.0,1,1410000.0,131
52,1.0,1,1410000.0,131
53,1.0,2,2820000.0,131
54,1.0,1,1410000.0,131
55,1.0,1,1410000.0,131
56,1.0295220005548027e-34,1,1410000.0,131
57,1.0,2,1510000.0,131
58,1.0,2,1510000.0,131
59,0.0,1,1410000.0,131
60,1.0,1,1410000.0,131
61,1.0,2,2820000.0,131
62,0.0,1,1410000.0,131
63,1.0,2,1510000.0,131
64,0.0,2,2820000.0,131
65,0.0,1,1410000.0,131
66,1.0,1,1410000.0,131
67,1.0,1,1410000.0,131
68,1.0,2,2820000.0,131
69,1.0,1,1410000.0,131
70,1.0,1,1410000.0,131
71,1.0295220005548027e-34,1,1410000.0,131
72,1.0295220005548027e-34,1,1410000.0,131
73,1.0,1,1410000.0,131
74,1.0,2,1510000.0,131
75,1.0,1,1410000.0,131
76,1.0,1,1410000.0,131
77,1.0,1,1410000.0,131
78,1.0,1,1410000.0,131
79,1.0,1,1410000.0,131
80,0.0,1,1410000.0,131
81,1.0,1,1410000.0,131
82,1.0,1,1410000.0,131
83,0.0,1,1410000.0,131
84,1.0,2,1510000.0,131
85,1.0,1,1410000.0,131
86,1.0,1,1410000.0,131
87,0.0,1,1410000.0,131
88,1.0,1,1410000.0,131
89,0.0,1,1410000.0,131
90,0.0,1,1410000.0,131
91,0.0,1,1410000.0,131
92,1.0,2,1510000.0,131
93,1.0,1,1410000.0,131
94,1.0,1,1410000.0,131
95,1.0,1,1410000.0,131
96,0.0,2,2820000.0,131
97,1.0,1,1410000.0,131
98,1.0,1,1410000.0,131
99,0.0,1,1410000.0,131
0,1.0,1,1510000.0,141
1,1.0295220005548027e-34,2,1610000.0,141
2,1.0,3,4530000.0,141
3,0.0,1,1510000.0,141
4,0.0,1,1510000.0,141
5,1.0,1,1510000.0,141
6,1.0295220005548027e-34,1,1510000.0,141
7,1.0,1,1510000.0,141
8,0.0,1,1510000.0,141
9,1.0,1,1510000.0,141
10,1.0295220005548027e-34,1,1510000.0,141
11,1.0,1,1510000.0,141
12,0.0,1,1510000.0,141
13,1.0,1,1510000.0,141
14,1.0,1,1510000.0,141
15,0.0,1,1510000.0,141
16,1.0,1,1510000.0,141
17,0.0,1,1510000.0,141
18,1.0,1,1510000.0,141
19,1.0,1,1510000.0,141
20,0.0,1,1510000.0,141
21,1.0,2,3020000.0,141
22,1.0,2,3020000.0,141
23,1.0,1,1510000.0,141
24,1.0,1,1510000.0,141
25,0.0,2,1610000.0,141
26,1.0,1,1510000.0,141
27,1.0,1,1510000.0,141
28,1.0,1,1510000.0,141
29,1.0,1,1510000.0,141
30,1.0,1,1510000.0,141
31,1.0,1,1510000.0,141
32,1.0,1,1510000.0,141
33,0.0,1,1510000.0,141
34,0.0,1,1510000.0,141
35,1.0295220005548027e-34,2,3020000.0,141
36,0.0,1,1510000.0,141
37,1.0295220005548027e-34,1,1510000.0,141
38,0.0,1,1510000.0,141
39,1.0,1,1510000.0,141
40,0.0,1,1510000.0,141
41,1.0,1,1510000.0,141
42,1.0,1,1510000.0,141
43,1.0,1,1510000.0,141
44,1.0,1,1510000.0,141
45,0.0,1,1510000.0,141
46,1.0,2,1610000.0,141
47,0.0,1,1510000.0,141
48,1.0,1,1510000.0,141
49,1.0,1,1510000.0,141
50,1.0,1,1510000.0,141
51,0.0,1,1510000.0,141
52,1.0,1,1510000.0,141
53,1.0,2,1610000.0,141
54,1.0,1,1510000.0,141
55,1.0295220005548027e-34,1,1510000.0,141
56,1.0295220005548027e-34,1,1510000.0,141
57,1.0,1,1510000.0,141
58,0.0,1,1510000.0,141
59,1.0295220005548027e-34,1,1510000.0,141
60,1.0,1,1510000.0,141
61,1.0,1,1510000.0,141
62,1.0,1,1510000.0,141
63,0.0,1,1510000.0,141
64,1.0,1,1510000.0,141
65,1.0,2,1610000.0,141
66,0.0,1,1510000.0,141
67,0.0,1,1510000.0,141
68,1.0,1,1510000.0,141
69,1.0295220005548027e-34,1,1510000.0,141
70,1.0,1,1510000.0,141
71,1.0295220005548027e-34,1,1510000.0,141
72,1.0,1,1510000.0,141
73,1.0295220005548027e-34,1,1510000.0,141
74,1.0,1,1510000.0,141
75,1.0,1,1510000.0,141
76,1.0,2,3020000.0,141
77,1.0,1,1510000.0,141
78,1.0295220005548027e-34,1,1510000.0,141
79,0.0,1,1510000.0,141
80,1.0,1,1510000.0,141
81,0.0,1,1510000.0,141
82,1.0,1,1510000.0,141
83,1.0,1,1510000.0,141
84,0.0,1,1510000.0,141
85,1.0,1,1510000.0,141
86,1.0295220005548027e-34,1,1510000.0,141
87,1.0,1,1510000.0,141
88,0.0,1,1510000.0,141
89,0.0,1,1510000.0,141
90,1.0295220005548027e-34,2,3020000.0,141
91,1.0,1,1510000.0,141
92,1.0295220005548027e-34,1,1510000.0,141
93,1.0295220005548027e-34,1,1510000.0,141
94,1.0295220005548027e-34,1,1510000.0,141
95,1.0,1,1510000.0,141
96,0.0,1,1510000.0,141
97,0.0,1,1510000.0,141
98,1.0,1,1510000.0,141
99,1.0,1,1510000.0,141
0,1.0,1,1610000.0,151
1,0.0,1,1610000.0,151
2,0.0,1,1610000.0,151
3,1.0,1,1610000.0,151
4,1.0,1,1610000.0,151
5,1.0,1,1610000.0,151
6,1.0,1,1610000.0,151
7,1.0,1,1610000.0,151
8,1.0295220005548027e-34,1,1610000.0,151
9,0.0,2,3220000.0,151
10,1.0,1,1610000.0,151
11,1.0,1,1610000.0,151
12,0.0,1,1610000.0,151
13,1.0,1,1610000.0,151
14,1.0,1,1610000.0,151
15,0.0,2,1710000.0,151
16,1.0,1,1610000.0,151
17,1.0295220005548027e-34,1,1610000.0,151
18,1.0295220005548027e-34,1,1610000.0,151
19,0.0,2,1710000.0,151
20,1.0295220005548027e-34,1,1610000.0,151
21,1.0,1,1610000.0,151
22,1.0,1,1610000.0,151
23,0.0,1,1610000.0,151
24,1.0,1,1610000.0,151
25,0.0,1,1610000.0,151
26,1.0,1,1610000.0,151
27,1.0,1,1610000.0,151
28,1.0295220005548027e-34,1,1610000.0,151
29,1.0295220005548027e-34,1,1610000.0,151
30,1.0,1,1610000.0,151
31,1.0,1,1610000.0,151
32,0.0,1,1610000.0,151
33,1.0,2,3220000.0,151
34,1.0,1,1610000.0,151
35,1.0,1,1610000.0,151
36,1.0295220005548027e-34,1,1610000.0,151
37,0.0,1,1610000.0,151
38,1.0,1,1610000.0,151
39,1.0,1,1610000.0,151
40,1.0,1,1610000.0,151
41,1.0,1,1610000.0,151
42,0.0,1,1610000.0,151
43,0.0,1,1610000.0,151
44,1.0295220005548027e-34,1,1610000.0,151
45,1.0295220005548027e-34,1,1610000.0,151
46,0.0,1,1610000.0,151
47,1.0,1,1610000.0,151
48,1.0295220005548027e-34,1,1610000.0,151
49,0.0,1,1610000.0,151
50,1.0,1,1610000.0,151
51,0.0,1,1610000.0,151
52,1.0,1,1610000.0,151
53,1.0,1,1610000.0,151
54,0.0,1,1610000.0,151
55,1.0,1,1610000.0,151
56,1.0,1,1610000.0,151
57,1.0,1,1610000.0,151
58,1.0,1,1610000.0,151
59,1.0295220005548027e-34,1,1610000.0,151
60,1.0,1,1610000.0,151
61,1.0,1,1610000.0,151
62,0.0,1,1610000.0,151
63,0.0,1,1610000.0,151
64,1.0,1,1610000.0,151
65,0.0,1,1610000.0,151
66,1.0,2,1710000.0,151
67,1.0,1,1610000.0,151
68,1.0,1,1610000.0,151
69,0.0,1,1610000.0,151
70,1.0295220005548027e-34,1,1610000.0,151
71,1.0,1,1610000.0,151
72,0.0,1,1610000.0,151
73,0.0,1,1610000.0,151
74,1.0,1,1610000.0,151
75,0.0,2,1710000.0,151
76,1.0,1,1610000.0,151
77,1.0,1,1610000.0,151
78,0.0,1,1610000.0,151
79,0.0,1,1610000.0,151
80,1.0,1,1610000.0,151
81,0.0,1,1610000.0,151
82,1.0,1,1610000.0,151
83,1.0,1,1610000.0,151
84,1.0,1,1610000.0,151
85,1.0,1,1610000.0,151
86,0.0,2,1710000.0,151
87,1.0,1,1610000.0,151
88,1.0,1,1610000.0,151
89,0.0,1,1610000.0,151
90,1.0,1,1610000.0,151
91,0.0,1,1610000.0,151
92,1.0,1,1610000.0,151
93,1.0,1,1610000.0,151
94,1.0,1,1610000.0,151
95,1.0,1,1610000.0,151
96,1.0,1,1610000.0,151
97,0.0,2,3220000.0,151
98,1.0295220005548027e-34,1,1610000.0,151
99,1.0,1,1610000.0,151
0,1.0295220005548027e-34,1,1710000.0,161
1,1.0,1,1710000.0,161
2,1.0,1,1710000.0,161
3,1.0,2,3420000.0,161
4,0.0,1,1710000.0,161
5,1.0,1,1710000.0,161
6,1.0,1,1710000.0,161
7,1.0,1,1710000.0,161
8,0.0,2,1810000.0,161
9,1.0,1,1710000.0,161
10,1.0,1,1710000.0,161
11,0.0,1,1710000.0,161
12,1.0,1,1710000.0,161
13,1.0,1,1710000.0,161
14,0.0,1,1710000.0,161
15,0.0,1,1710000.0,161
16,1.0,1,1710000.0,161
17,1.0295220005548027e-34,1,1710000.0,161
18,1.0,1,1710000.0,161
19,1.0295220005548027e-34,1,1710000.0,161
20,0.0,1,1710000.0,161
21,0.0,1,1710000.0,161
22,0.0,1,1710000.0,161
23,0.0,1,1710000.0,161
24,1.0,1,1710000.0,161
25,1.0,1,1710000.0,161
26,0.0,1,1710000.0,161
27,1.0,1,1710000.0,161
28,1.0,1,1710000.0,161
29,1.0295220005548027e-34,1,1710000.0,161
30,1.0295220005548027e-34,1,1710000.0,161
31,0.0,1,1710000.0,161
32,1.0,1,1710000.0,161
33,1.0,1,1710000.0,161
34,1.0,1,1710000.0,161
35,1.0,1,1710000.0,161
36,1.0,1,1710000.0,161
37,1.0,1,1710000.0,161
38,1.0,1,1710000.0,161
39,1.0,1,1710000.0,161
40,1.0,2,3420000.0,161
41,1.0,1,1710000.0,161
42,0.0,1,1710000.0,161
43,0.0,1,1710000.0,161
44,1.0295220005548027e-34,1,1710000.0,161
45,1.0,1,1710000.0,161
46,1.0,1,1710000.0,161
47,1.0,2,3420000.0,161
48,0.0,1,1710000.0,161
49,1.0,1,1710000.0,161
50,1.0,1,1710000.0,161
51,1.0,1,1710000.0,161
52,0.0,1,1710000.0,161
53,1.0,1,1710000.0,161
54,0.0,1,1710000.0,161
55,1.0,1,1710000.0,161
56,1.0295220005548027e-34,1,1710000.0,161
57,1.0,1,1710000.0,161
58,1.0,1,1710000.0,161
59,1.0,1,1710000.0,161
60,0.0,1,1710000.0,161
61,1.0,1,1710000.0,161
62,1.0,1,1710000.0,161
63,1.0,1,1710000.0,161
64,0.0,1,1710000.0,161
65,0.0,1,1710000.0,161
66,1.0,1,1710000.0,161
67,1.0,1,1710000.0,161
68,0.0,1,1710000.0,161
69,1.0,1,1710000.0,161
70,1.0,1,1710000.0,161
71,1.0295220005548027e-34,1,1710000.0,161
72,1.0295220005548027e-34,1,1710000.0,161
73,1.0,1,1710000.0,161
74,1.0,1,1710000.0,161
75,1.0,1,1710000.0,161
76,1.0,1,1710000.0,161
77,1.0,1,1710000.0,161
78,0.0,1,1710000.0,161
79,1.0,1,1710000.0,161
80,1.0,1,1710000.0,161
81,1.0,1,1710000.0,161
82,0.0,1,1710000.0,161
83,1.0,1,1710000.0,161
84,1.0,1,1710000.0,161
85,1.0295220005548027e-34,1,1710000.0,161
86,1.0,1,1710000.0,161
87,1.0,1,1710000.0,161
88,0.0,1,1710000.0,161
89,1.0,1,1710000.0,161
90,1.0,1,1710000.0,161
91,1.0,1,1710000.0,161
92,1.0,1,1710000.0,161
93,0.0,1,1710000.0,161
94,1.0295220005548027e-34,1,1710000.0,161
95,0.0,1,1710000.0,161
96,0.0,1,1710000.0,161
97,0.0,1,1710000.0,161
98,1.0295220005548027e-34,1,1710000.0,161
99,1.0,2,1810000.0,161
0,1.0,1,1810000.0,171
1,1.0,1,1810000.0,171
2,1.0,1,1810000.0,171
3,1.0,1,1810000.0,171
4,1.0,1,1810000.0,171
5,0.0,1,1810000.0,171
6,1.0,1,1810000.0,171
7,0.0,1,1810000.0,171
8,1.0,1,1810000.0,171
9,0.0,2,3620000.0,171
10,1.0,1,1810000.0,171
11,1.0,1,1810000.0,171
12,1.0,1,1810000.0,171
13,0.0,1,1810000.0,171
14,1.0,1,1810000.0,171
15,1.0295220005548027e-34,1,1810000.0,171
16,1.0295220005548027e-34,1,1810000.0,171
17,1.0,1,1810000.0,171
18,1.0,1,1810000.0,171
19,1.0295220005548027e-34,1,1810000.0,171
20,0.0,1,1810000.0,171
21,1.0,1,1810000.0,171
22,0.0,1,1810000.0,171
23,1.0,1,1810000.0,171
24,1.0,1,1810000.0,171
25,0.0,1,1810000.0,171
26,1.0,1,1810000.0,171
27,1.0,1,1810000.0,171
28,0.0,1,1810000.0,171
29,1.0295220005548027e-34,1,1810000.0,171
30,0.0,1,1810000.0,171
31,1.0295220005548027e-34,1,1810000.0,171
32,1.0,1,1810000.0,171
33,0.0,1,1810000.0,171
34,1.0295220005548027e-34,1,1810000.0,171
35,0.0,1,1810000.0,171
36,1.0,1,1810000.0,171
37,0.0,1,1810000.0,171
38,1.0,1,1810000.0,171
39,0.0,1,1810000.0,171
40,1.0,1,1810000.0,171
41,0.0,1,1810000.0,171
42,1.0295220005548027e-34,2,1910000.0,171
43,1.0,1,1810000.0,171
44,1.0,1,1810000.0,171
45,1.0,1,1810000.0,171
46,1.0,1,1810000.0,171
47,1.0295220005548027e-34,1,1810000.0,171
48,1.0295220005548027e-34,1,1810000.0,171
49,1.0,1,1810000.0,171
50,0.0,1,1810000.0,171
51,1.0,1,1810000.0,171
52,1.0,1,1810000.0,171
53,0.0,2,3620000.0,171
54,1.0,1,1810000.0,171
55,1.0,1,1810000.0,171
56,1.0,1,1810000.0,171
57,1.0,1,1810000.0,171
58,1.0295220005548027e-34,1,1810000.0,171
59,1.0,1,1810000.0,171
60,1.0,1,1810000.0,171
61,0.0,1,1810000.0,171
62,1.0,1,1810000.0,171
63,1.0,1,1810000.0,171
64,0.0,1,1810000.0,171
65,1.0,2,3620000.0,171
66,1.0,1,1810000.0,171
67,0.0,1,1810000.0,171
68,1.0,1,1810000.0,171
69,1.0295220005548027e-34,3,5430000.0,171
70,1.0,1,1810000.0,171
71,1.0,1,1810000.0,171
72,1.0,1,1810000.0,171
73,1.0,1,1810000.0,171
74,1.0,1,1810000.0,171
75,1.0,1,1810000.0,171
76,0.0,1,1810000.0,171
77,1.0,1,1810000.0,171
78,1.0,1,1810000.0,171
79,1.0295220005548027e-34,1,1810000.0,171
80,1.0295220005548027e-34,2,1910000.0,171
81,1.0,1,1810000.0,171
82,1.0295220005548027e-34,1,1810000.0,171
83,0.0,1,1810000.0,171
84,1.0295220005548027e-34,1,1810000.0,171
85,0.0,1,1810000.0,171
86,0.0,1,1810000.0,171
87,1.0,1,1810000.0,171
88,0.0,1,1810000.0,171
89,1.0295220005548027e-34,1,1810000.0,171
90,1.0295220005548027e-34,1,1810000.0,171
91,0.0,1,1810000.0,171
92,1.0,1,1810000.0,171
93,1.0,2,1910000.0,171
94,1.0295220005548027e-34,2,3620000.0,171
95,1.0,1,1810000.0,171
96,0.0,1,1810000.0,171
97,0.0,1,1810000.0,171
98,1.0,1,1810000.0,171
99,0.0,1,1810000.0,171
0,1.0,1,1910000.0,181
1,0.0,1,1910000.0,181
2,1.0,1,1910000.0,181
3,1.0,1,1910000.0,181
4,1.0,1,1910000.0,181
5,1.0,1,1910000.0,181
6,1.0295220005548027e-34,1,1910000.0,181
7,1.0,1,1910000.0,181
8,0.0,1,1910000.0,181
9,0.0,1,1910000.0,181
10,1.0,1,1910000.0,181
11,1.0,1,1910000.0,181
12,1.0,1,1910000.0,181
13,0.0,1,1910000.0,181
14,1.0295220005548027e-34,1,1910000.0,181
15,0.0,3,3920000.0,181
16,1.0,1,1910000.0,181
17,1.0,1,1910000.0,181
18,1.0,1,1910000.0,181
19,0.0,1,1910000.0,181
20,0.0,1,1910000.0,181
21,1.0,1,1910000.0,181
22,1.0,1,1910000.0,181
23,1.0,1,1910000.0,181
24,1.0295220005548027e-34,1,1910000.0,181
25,1.0,1,1910000.0,181
26,1.0,1,1910000.0,181
27,1.0,1,1910000.0,181
28,1.0295220005548027e-34,1,1910000.0,181
29,1.0,1,1910000.0,181
30,0.0,1,1910000.0,181
31,1.0295220005548027e-34,1,1910000.0,181
32,1.0,1,1910000.0,181
33,1.0295220005548027e-34,1,1910000.0,181
34,1.0,1,1910000.0,181
35,1.0,1,1910000.0,181
36,0.0,1,1910000.0,181
37,1.0,1,1910000.0,181
38,1.0295220005548027e-34,2,3820000.0,181
39,1.0,1,1910000.0,181
40,0.0,1,1910000.0,181
41,1.0,1,1910000.0,181
42,1.0,1,1910000.0,181
43,1.0,1,1910000.0,181
44,1.0,1,1910000.0,181
45,1.0295220005548027e-34,1,1910000.0,181
46,1.0,1,1910000.0,181
47,0.0,1,1910000.0,181
48,0.0,1,1910000.0,181
49,1.0,1,1910000.0,181
50,0.0,1,1910000.0,181
51,1.0,1,1910000.0,181
52,1.0,1,1910000.0,181
53,1.0,1,1910000.0,181
54,1.0,1,1910000.0,181
55,0.0,1,1910000.0,181
56,1.0295220005548027e-34,1,1910000.0,181
57,0.0,1,1910000.0,181
58,1.0,1,1910000.0,181
59,1.0,1,1910000.0,181
60,1.0,1,1910000.0,181
61,1.0,1,1910000.0,181
62,0.0,2,2010000.0,181
63,1.0,2,3820000.0,181
64,1.0,1,1910000.0,181
65,1.0295220005548027e-34,1,1910000.0,181
66,0.0,2,2010000.0,181
67,1.0,1,1910000.0,181
68,1.0,1,1910000.0,181
69,0.0,1,1910000.0,181
70,1.0,1,1910000.0,181
71,1.0,1,1910000.0,181
72,1.0295220005548027e-34,1,1910000.0,181
73,1.0,1,1910000.0,181
74,0.0,2,2010000.0,181
75,1.0,1,1910000.0,181
76,0.0,1,1910000.0,181
77,0.0,1,1910000.0,181
78,1.0,1,1910000.0,181
79,0.0,1,1910000.0,181
80,1.0,1,1910000.0,181
81,1.0,1,1910000.0,181
82,0.0,1,1910000.0,181
83,1.0,2,2010000.0,181
84,0.0,1,1910000.0,181
85,1.0,1,1910000.0,181
86,1.0295220005548027e-34,1,1910000.0,181
87,1.0,1,1910000.0,181
88,0.0,1,1910000.0,181
89,1.0,1,1910000.0,181
90,1.0295220005548027e-34,1,1910000.0,181
91,1.0,2,2010000.0,181
92,1.0,1,1910000.0,181
93,1.0,1,1910000.0,181
94,1.0,3,3920000.0,181
95,1.0,1,1910000.0,181
96,0.0,1,1910000.0,181
97,1.0,1,1910000.0,181
98,1.0295220005548027e-34,1,1910000.0,181
99,1.0,1,1910000.0,181
0,1.0295220005548027e-34,1,2010000.0,191
1,1.0295220005548027e-34,1,2010000.0,191
2,1.0,1,2010000.0,191
3,1.0,1,2010000.0,191
4,1.0,1,2010000.0,191
5,1.0295220005548027e-34,1,2010000.0,191
6,1.0,1,2010000.0,191
7,1.0,1,2010000.0,191
8,1.0,1,2010000.0,191
9,1.0,1,2010000.0,191
10,1.0,1,2010000.0,191
11,1.0,1,2010000.0,191
12,1.0,1,2010000.0,191
13,0.0,1,2010000.0,191
14,0.0,2,2110000.0,191
15,0.0,1,2010000.0,191
16,0.0,1,2010000.0,191
17,0.0,1,2010000.0,191
18,1.0,1,2010000.0,191
19,1.0,1,2010000.0,191
20,1.0,1,2010000.0,191
21,0.0,1,2010000.0,191
22,0.0,1,2010000.0,191
23,1.0295220005548027e-34,1,2010000.0,191
24,1.0295220005548027e-34,1,2010000.0,191
25,1.0,1,2010000.0,191
26,0.0,1,2010000.0,191
27,1.0,2,4020000.0,191
28,1.0,1,2010000.0,191
29,1.0,1,2010000.0,191
30,1.0295220005548027e-34,1,2010000.0,191
31,0.0,1,2010000.0,191
32,1.0,2,4020000.0,191
33,1.0295220005548027e-34,1,2010000.0,191
34,1.0,1,2010000.0,191
35,0.0,1,2010000.0,191
36,1.0295220005548027e-34,1,2010000.0,191
37,1.0,1,2010000.0,191
38,1.0295220005548027e-34,1,2010000.0,191
39,1.0,1,2010000.0,191
40,1.0,1,2010000.0,191
41,1.0295220005548027e-34,1,2010000.0,191
42,1.0,2,2110000.0,191
43,0.0,1,2010000.0,191
44,0.0,1,2010000.0,191
45,1.0,1,2010000.0,191
46,1.0,1,2010000.0,191
47,0.0,1,2010000.0,191
48,1.0,1,2010000.0,191
49,1.0,1,2010000.0,191
50,1.0,1,2010000.0,191
51,1.0,1,2010000.0,191
52,1.0,2,2110000.0,191
53,1.0295220005548027e-34,1,2010000.0,191
54,1.0,1,2010000.0,191
55,1.0,1,2010000.0,191
56,1.0,1,2010000.0,191
57,0.0,1,2010000.0,191
58,0.0,1,2010000.0,191
59,1.0,1,2010000.0,191
60,1.0,2,4020000.0,191
61,1.0,1,2010000.0,191
62,1.0,1,2010000.0,191
63,0.0,1,2010000.0,191
64,1.0,1,2010000.0,191
65,1.0295220005548027e-34,1,2010000.0,191
66,1.0,1,2010000.0,191
67,1.0,1,2010000.0,191
68,1.0,1,2010000.0,191
69,1.0,1,2010000.0,191
70,1.0,1,2010000.0,191
71,1.0295220005548027e-34,1,2010000.0,191
72,1.0295220005548027e-34,1,2010000.0,191
73,1.0,1,2010000.0,191
74,1.0,1,2010000.0,191
75,1.0,1,2010000.0,191
76,1.0295220005548027e-34,1,2010000.0,191
77,1.0,1,2010000.0,191
78,0.0,1,2010000.0,191
79,0.0,1,2010000.0,191
80,1.0,1,2010000.0,191
81,1.0,1,2010000.0,191
82,0.0,1,2010000.0,191
83,0.0,1,2010000.0,191
84,0.0,1,2010000.0,191
85,1.0295220005548027e-34,1,2010000.0,191
86,1.0,1,2010000.0,191
87,1.0,1,2010000.0,191
88,1.0,1,2010000.0,191
89,0.0,1,2010000.0,191
90,1.0,1,2010000.0,191
91,1.0,1,2010000.0,191
92,0.0,1,2010000.0,191
93,1.0,1,2010000.0,191
94,0.0,1,2010000.0,191
95,1.0,1,2010000.0,191
96,1.0,1,2010000.0,191
97,0.0,1,2010000.0,191
98,1.0295220005548027e-34,1,2010000.0,191
99,0.0,2,2110000.0,191
